<?xml version="1.0" encoding="UTF-8"?>
<root>
  <item name="com.zipow.videobox.sip.server.CmmSIPCallManager int callPeer(com.zipow.videobox.sip.CmmCallPeerDataBean, boolean)">
    <annotation name="androidx.annotation.IntDef">
      <val name="value" val="{com.zipow.videobox.sip.server.CmmSIPCallManager.CallPeerResult.Result_Ok, com.zipow.videobox.sip.server.CmmSIPCallManager.CallPeerResult.Result_Fail_Normal, com.zipow.videobox.sip.server.CmmSIPCallManager.CallPeerResult.Result_Fail_Conf_Is_Running, com.zipow.videobox.sip.server.CmmSIPCallManager.CallPeerResult.Result_Fail_NULL, com.zipow.videobox.sip.server.CmmSIPCallManager.CallPeerResult.Result_Fail_OVER_MAX_COUNT, com.zipow.videobox.sip.server.CmmSIPCallManager.CallPeerResult.Result_Fail_USER_ERROR, com.zipow.videobox.sip.server.CmmSIPCallManager.CallPeerResult.Result_Fail_PeerUri_EMPTY, com.zipow.videobox.sip.server.CmmSIPCallManager.CallPeerResult.Result_Fail_Other_Ring, com.zipow.videobox.sip.server.CmmSIPCallManager.CallPeerResult.Result_Fail_PeerUri_Failed, com.zipow.videobox.sip.server.CmmSIPCallManager.CallPeerResult.Result_Fail_Register_Status_Error, com.zipow.videobox.sip.server.CmmSIPCallManager.CallPeerResult.Result_Fail_Phone_Call_Offhook, com.zipow.videobox.sip.server.CmmSIPCallManager.CallPeerResult.Result_Fail_Phone_Call_Confirm, com.zipow.videobox.sip.server.CmmSIPCallManager.CallPeerResult.Result_Fail_Phone_Call_Confirm_UI_NULL, com.zipow.videobox.sip.server.CmmSIPCallManager.CallPeerResult.Result_Fail_E911}" />
    </annotation>
  </item>
  <item name="com.zipow.videobox.sip.server.CmmSIPCallManager int callPeer(java.lang.String)">
    <annotation name="androidx.annotation.IntDef">
      <val name="value" val="{com.zipow.videobox.sip.server.CmmSIPCallManager.CallPeerResult.Result_Ok, com.zipow.videobox.sip.server.CmmSIPCallManager.CallPeerResult.Result_Fail_Normal, com.zipow.videobox.sip.server.CmmSIPCallManager.CallPeerResult.Result_Fail_Conf_Is_Running, com.zipow.videobox.sip.server.CmmSIPCallManager.CallPeerResult.Result_Fail_NULL, com.zipow.videobox.sip.server.CmmSIPCallManager.CallPeerResult.Result_Fail_OVER_MAX_COUNT, com.zipow.videobox.sip.server.CmmSIPCallManager.CallPeerResult.Result_Fail_USER_ERROR, com.zipow.videobox.sip.server.CmmSIPCallManager.CallPeerResult.Result_Fail_PeerUri_EMPTY, com.zipow.videobox.sip.server.CmmSIPCallManager.CallPeerResult.Result_Fail_Other_Ring, com.zipow.videobox.sip.server.CmmSIPCallManager.CallPeerResult.Result_Fail_PeerUri_Failed, com.zipow.videobox.sip.server.CmmSIPCallManager.CallPeerResult.Result_Fail_Register_Status_Error, com.zipow.videobox.sip.server.CmmSIPCallManager.CallPeerResult.Result_Fail_Phone_Call_Offhook, com.zipow.videobox.sip.server.CmmSIPCallManager.CallPeerResult.Result_Fail_Phone_Call_Confirm, com.zipow.videobox.sip.server.CmmSIPCallManager.CallPeerResult.Result_Fail_Phone_Call_Confirm_UI_NULL, com.zipow.videobox.sip.server.CmmSIPCallManager.CallPeerResult.Result_Fail_E911}" />
    </annotation>
  </item>
  <item name="com.zipow.videobox.sip.server.CmmSIPCallManager int callPeer(java.lang.String, int, java.lang.String)">
    <annotation name="androidx.annotation.IntDef">
      <val name="value" val="{com.zipow.videobox.sip.server.CmmSIPCallManager.CallPeerResult.Result_Ok, com.zipow.videobox.sip.server.CmmSIPCallManager.CallPeerResult.Result_Fail_Normal, com.zipow.videobox.sip.server.CmmSIPCallManager.CallPeerResult.Result_Fail_Conf_Is_Running, com.zipow.videobox.sip.server.CmmSIPCallManager.CallPeerResult.Result_Fail_NULL, com.zipow.videobox.sip.server.CmmSIPCallManager.CallPeerResult.Result_Fail_OVER_MAX_COUNT, com.zipow.videobox.sip.server.CmmSIPCallManager.CallPeerResult.Result_Fail_USER_ERROR, com.zipow.videobox.sip.server.CmmSIPCallManager.CallPeerResult.Result_Fail_PeerUri_EMPTY, com.zipow.videobox.sip.server.CmmSIPCallManager.CallPeerResult.Result_Fail_Other_Ring, com.zipow.videobox.sip.server.CmmSIPCallManager.CallPeerResult.Result_Fail_PeerUri_Failed, com.zipow.videobox.sip.server.CmmSIPCallManager.CallPeerResult.Result_Fail_Register_Status_Error, com.zipow.videobox.sip.server.CmmSIPCallManager.CallPeerResult.Result_Fail_Phone_Call_Offhook, com.zipow.videobox.sip.server.CmmSIPCallManager.CallPeerResult.Result_Fail_Phone_Call_Confirm, com.zipow.videobox.sip.server.CmmSIPCallManager.CallPeerResult.Result_Fail_Phone_Call_Confirm_UI_NULL, com.zipow.videobox.sip.server.CmmSIPCallManager.CallPeerResult.Result_Fail_E911}" />
    </annotation>
  </item>
  <item name="com.zipow.videobox.sip.server.CmmSIPCallManager int callPeer(java.lang.String, java.lang.String)">
    <annotation name="androidx.annotation.IntDef">
      <val name="value" val="{com.zipow.videobox.sip.server.CmmSIPCallManager.CallPeerResult.Result_Ok, com.zipow.videobox.sip.server.CmmSIPCallManager.CallPeerResult.Result_Fail_Normal, com.zipow.videobox.sip.server.CmmSIPCallManager.CallPeerResult.Result_Fail_Conf_Is_Running, com.zipow.videobox.sip.server.CmmSIPCallManager.CallPeerResult.Result_Fail_NULL, com.zipow.videobox.sip.server.CmmSIPCallManager.CallPeerResult.Result_Fail_OVER_MAX_COUNT, com.zipow.videobox.sip.server.CmmSIPCallManager.CallPeerResult.Result_Fail_USER_ERROR, com.zipow.videobox.sip.server.CmmSIPCallManager.CallPeerResult.Result_Fail_PeerUri_EMPTY, com.zipow.videobox.sip.server.CmmSIPCallManager.CallPeerResult.Result_Fail_Other_Ring, com.zipow.videobox.sip.server.CmmSIPCallManager.CallPeerResult.Result_Fail_PeerUri_Failed, com.zipow.videobox.sip.server.CmmSIPCallManager.CallPeerResult.Result_Fail_Register_Status_Error, com.zipow.videobox.sip.server.CmmSIPCallManager.CallPeerResult.Result_Fail_Phone_Call_Offhook, com.zipow.videobox.sip.server.CmmSIPCallManager.CallPeerResult.Result_Fail_Phone_Call_Confirm, com.zipow.videobox.sip.server.CmmSIPCallManager.CallPeerResult.Result_Fail_Phone_Call_Confirm_UI_NULL, com.zipow.videobox.sip.server.CmmSIPCallManager.CallPeerResult.Result_Fail_E911}" />
    </annotation>
  </item>
  <item name="com.zipow.videobox.sip.server.CmmSIPCallManager int callPeer(java.lang.String, java.lang.String, int, boolean)">
    <annotation name="androidx.annotation.IntDef">
      <val name="value" val="{com.zipow.videobox.sip.server.CmmSIPCallManager.CallPeerResult.Result_Ok, com.zipow.videobox.sip.server.CmmSIPCallManager.CallPeerResult.Result_Fail_Normal, com.zipow.videobox.sip.server.CmmSIPCallManager.CallPeerResult.Result_Fail_Conf_Is_Running, com.zipow.videobox.sip.server.CmmSIPCallManager.CallPeerResult.Result_Fail_NULL, com.zipow.videobox.sip.server.CmmSIPCallManager.CallPeerResult.Result_Fail_OVER_MAX_COUNT, com.zipow.videobox.sip.server.CmmSIPCallManager.CallPeerResult.Result_Fail_USER_ERROR, com.zipow.videobox.sip.server.CmmSIPCallManager.CallPeerResult.Result_Fail_PeerUri_EMPTY, com.zipow.videobox.sip.server.CmmSIPCallManager.CallPeerResult.Result_Fail_Other_Ring, com.zipow.videobox.sip.server.CmmSIPCallManager.CallPeerResult.Result_Fail_PeerUri_Failed, com.zipow.videobox.sip.server.CmmSIPCallManager.CallPeerResult.Result_Fail_Register_Status_Error, com.zipow.videobox.sip.server.CmmSIPCallManager.CallPeerResult.Result_Fail_Phone_Call_Offhook, com.zipow.videobox.sip.server.CmmSIPCallManager.CallPeerResult.Result_Fail_Phone_Call_Confirm, com.zipow.videobox.sip.server.CmmSIPCallManager.CallPeerResult.Result_Fail_Phone_Call_Confirm_UI_NULL, com.zipow.videobox.sip.server.CmmSIPCallManager.CallPeerResult.Result_Fail_E911}" />
    </annotation>
  </item>
  <item name="com.zipow.videobox.sip.server.CmmSIPCallManager int confirmCallPeer(com.zipow.videobox.sip.CmmCallPeerDataBean, int)">
    <annotation name="androidx.annotation.IntDef">
      <val name="value" val="{com.zipow.videobox.sip.server.CmmSIPCallManager.CallPeerResult.Result_Ok, com.zipow.videobox.sip.server.CmmSIPCallManager.CallPeerResult.Result_Fail_Normal, com.zipow.videobox.sip.server.CmmSIPCallManager.CallPeerResult.Result_Fail_Conf_Is_Running, com.zipow.videobox.sip.server.CmmSIPCallManager.CallPeerResult.Result_Fail_NULL, com.zipow.videobox.sip.server.CmmSIPCallManager.CallPeerResult.Result_Fail_OVER_MAX_COUNT, com.zipow.videobox.sip.server.CmmSIPCallManager.CallPeerResult.Result_Fail_USER_ERROR, com.zipow.videobox.sip.server.CmmSIPCallManager.CallPeerResult.Result_Fail_PeerUri_EMPTY, com.zipow.videobox.sip.server.CmmSIPCallManager.CallPeerResult.Result_Fail_Other_Ring, com.zipow.videobox.sip.server.CmmSIPCallManager.CallPeerResult.Result_Fail_PeerUri_Failed, com.zipow.videobox.sip.server.CmmSIPCallManager.CallPeerResult.Result_Fail_Register_Status_Error, com.zipow.videobox.sip.server.CmmSIPCallManager.CallPeerResult.Result_Fail_Phone_Call_Offhook, com.zipow.videobox.sip.server.CmmSIPCallManager.CallPeerResult.Result_Fail_Phone_Call_Confirm, com.zipow.videobox.sip.server.CmmSIPCallManager.CallPeerResult.Result_Fail_Phone_Call_Confirm_UI_NULL, com.zipow.videobox.sip.server.CmmSIPCallManager.CallPeerResult.Result_Fail_E911}" />
    </annotation>
  </item>
  <item name="com.zipow.videobox.sip.server.CmmSIPCallManager.CallPeerResult">
    <annotation name="androidx.annotation.IntDef">
      <val name="value" val="{com.zipow.videobox.sip.server.CmmSIPCallManager.CallPeerResult.Result_Ok, com.zipow.videobox.sip.server.CmmSIPCallManager.CallPeerResult.Result_Fail_Normal, com.zipow.videobox.sip.server.CmmSIPCallManager.CallPeerResult.Result_Fail_Conf_Is_Running, com.zipow.videobox.sip.server.CmmSIPCallManager.CallPeerResult.Result_Fail_NULL, com.zipow.videobox.sip.server.CmmSIPCallManager.CallPeerResult.Result_Fail_OVER_MAX_COUNT, com.zipow.videobox.sip.server.CmmSIPCallManager.CallPeerResult.Result_Fail_USER_ERROR, com.zipow.videobox.sip.server.CmmSIPCallManager.CallPeerResult.Result_Fail_PeerUri_EMPTY, com.zipow.videobox.sip.server.CmmSIPCallManager.CallPeerResult.Result_Fail_Other_Ring, com.zipow.videobox.sip.server.CmmSIPCallManager.CallPeerResult.Result_Fail_PeerUri_Failed, com.zipow.videobox.sip.server.CmmSIPCallManager.CallPeerResult.Result_Fail_Register_Status_Error, com.zipow.videobox.sip.server.CmmSIPCallManager.CallPeerResult.Result_Fail_Phone_Call_Offhook, com.zipow.videobox.sip.server.CmmSIPCallManager.CallPeerResult.Result_Fail_Phone_Call_Confirm, com.zipow.videobox.sip.server.CmmSIPCallManager.CallPeerResult.Result_Fail_Phone_Call_Confirm_UI_NULL, com.zipow.videobox.sip.server.CmmSIPCallManager.CallPeerResult.Result_Fail_E911}" />
    </annotation>
  </item>
  <item name="com.zipow.videobox.sip.server.CmmSIPRecordingItemBean.Permission">
    <annotation name="androidx.annotation.IntDef">
      <val name="value" val="{com.zipow.videobox.sip.server.CmmSIPRecordingItemBean.Permission.kSIPCallRecordingPermission_None, com.zipow.videobox.sip.server.CmmSIPRecordingItemBean.Permission.kSIPCallRecordingPermission_Delete, com.zipow.videobox.sip.server.CmmSIPRecordingItemBean.Permission.kSIPCallRecordingPermission_Download, com.zipow.videobox.sip.server.CmmSIPRecordingItemBean.Permission.kSIPCallRecordingPermission_Play}" />
    </annotation>
  </item>
</root>

